hosp_id,window_id,labels,feat_0,feat_1,feat_2,feat_3,feat_4,feat_5,feat_6,feat_7,feat_8,feat_9,feat_10,feat_11,feat_12,feat_13,feat_14,feat_15,feat_16,feat_17,feat_18,feat_19,feat_20,feat_21,feat_22,feat_23,feat_24,feat_25,feat_26,feat_27,feat_28,feat_29,feat_30,feat_31
67890,0,1,2.1600497,1.424499,0.35153154,3.1294746,0.32305375,0.09998188,4.451043,2.602288,0.34139854,1.342049,1.8375058,1.1017162,0.43394595,2.8290873,0.34401375,0.9873529,2.1646895,1.365384,0.0,5.1288166,0.4402488,1.5228453,0.96563214,0.0,1.1705956,0.0,0.0,0.0,0.0,2.1751537,0.595677,4.5573416
67890,1,1,2.2877607,1.3360734,0.36221203,3.2763493,0.037266172,0.16043797,4.7470436,2.666387,0.25332096,1.4158443,1.8693528,1.2815322,0.46222755,3.0955997,0.32311395,1.079379,2.4039712,1.5168129,0.0,5.449907,0.28664184,1.5773553,0.97238755,0.0,1.1076335,0.0,0.0,0.0,0.0,2.426461,0.40444618,4.9558744
67890,2,3,2.116711,0.91937935,0.36570984,3.228823,0.0,0.0,3.8286452,1.9027417,0.0,0.9638253,2.2173188,0.83217925,0.0,3.5992892,0.0,1.7620562,2.6204379,2.3528185,0.0,4.717776,0.0,0.9209993,0.37740752,0.0,0.11515783,0.0,0.0,0.8781695,0.119227365,2.5231774,0.30579206,5.6688714
67890,3,8,2.7839253,2.2870061,0.0,2.7864795,0.24079771,0.48239297,4.08766,1.9850836,0.41755924,1.9610854,0.51400137,1.8455812,0.5923786,3.2756543,0.9032736,0.6237539,3.9861557,1.3228191,0.0,3.8924105,0.21489926,1.5785859,1.860516,0.39657974,1.0017824,0.29406935,0.0,0.7146833,0.0,3.8222883,0.0,3.5923326
67890,4,6,1.5945715,1.6079444,0.0,1.9845878,0.3238246,0.29902264,2.6707692,1.1020948,0.0,1.3081995,0.44174302,1.2482741,0.3947218,2.7276332,0.27274844,0.56661695,3.2552166,0.85378206,0.0,2.8058991,0.5217405,1.4786081,1.7079812,0.17014185,0.2802472,0.5169952,0.0,0.5632121,0.0,2.719299,0.041325253,2.6887019
